#Data tag : 19v3 , Norm tag: None
#run:fill,time,ncms,hltpath,delivered(/fb),recorded(/fb)
315257:6615,04/26/18 21:09:40,90,HLT_DoubleMu4_PsiPrimeTrk_Displaced_v14,0.008301504,0.007929497
315259:6615,04/26/18 21:54:51,172,HLT_DoubleMu4_PsiPrimeTrk_Displaced_v14,0.014285583,0.013918864
315264:6616,04/27/18 02:45:32,230,HLT_DoubleMu4_PsiPrimeTrk_Displaced_v14,0.041423922,0.039703388
315265:6616,04/27/18 04:20:05,55,HLT_DoubleMu4_PsiPrimeTrk_Displaced_v14,0.009321253,0.006454507
315267:6616,04/27/18 04:59:11,244,HLT_DoubleMu4_PsiPrimeTrk_Displaced_v14,0.038218765,0.037143311
315270:6616,04/27/18 06:44:15,633,HLT_DoubleMu4_PsiPrimeTrk_Displaced_v14,0.080764583,0.078981117
315322:6617,04/27/18 14:41:34,1329,HLT_DoubleMu4_PsiPrimeTrk_Displaced_v14,0.184274144,0.180062920
315339:6618,04/28/18 03:06:24,618,HLT_DoubleMu4_PsiPrimeTrk_Displaced_v14,0.095692137,0.093349061
315357:6620,04/28/18 19:32:25,776,HLT_DoubleMu4_PsiPrimeTrk_Displaced_v14,0.155879642,0.151930725
315361:6621,04/29/18 03:17:57,580,HLT_DoubleMu4_PsiPrimeTrk_Displaced_v14,0.122496652,0.118531849
315363:6621,04/29/18 07:08:34,86,HLT_DoubleMu4_PsiPrimeTrk_Displaced_v14,0.014901515,0.014489096
315366:6621,04/29/18 08:43:30,736,HLT_DoubleMu4_PsiPrimeTrk_Displaced_v14,0.101760562,0.100182760
315420:6624,04/29/18 23:54:09,1707,HLT_DoubleMu4_PsiPrimeTrk_Displaced_v14,0.264161506,0.258566396
315488:6628,04/30/18 19:08:38,802,HLT_DoubleMu4_PsiPrimeTrk_Displaced_v14,0.195811085,0.190563067
315489:6628,05/01/18 02:09:59,691,HLT_DoubleMu4_PsiPrimeTrk_Displaced_v14,0.105240901,0.103438191
315490:6628,05/01/18 06:53:23,24,HLT_DoubleMu4_PsiPrimeTrk_Displaced_v14,0.002554446,0.002520994
315506:6629,05/01/18 10:08:39,88,HLT_DoubleMu4_PsiPrimeTrk_Displaced_v14,0.029450453,0.027983158
315510:6629,05/01/18 11:10:29,345,HLT_DoubleMu4_PsiPrimeTrk_Displaced_v14,0.106812243,0.103172328
315512:6629,05/01/18 13:27:08,1122,HLT_DoubleMu4_PsiPrimeTrk_Displaced_v14,0.241304437,0.236871400
315543:6633,05/02/18 04:09:49,117,HLT_DoubleMu4_PsiPrimeTrk_Displaced_v14,0.037860473,0.036886267
315555:6636,05/02/18 09:42:48,76,HLT_DoubleMu4_PsiPrimeTrk_Displaced_v14,0.024343627,0.021968881
315556:6636,05/02/18 10:15:53,26,HLT_DoubleMu4_PsiPrimeTrk_Displaced_v14,0.008976341,0.008395188
315557:6636,05/02/18 10:30:09,279,HLT_DoubleMu4_PsiPrimeTrk_Displaced_v14,0.086272331,0.084134393
315640:6638,05/02/18 21:31:41,42,HLT_DoubleMu4_PsiPrimeTrk_Displaced_v14,0.014924809,0.010512485
315641:6638,05/02/18 21:56:12,4,HLT_DoubleMu4_PsiPrimeTrk_Displaced_v14,0.001524398,0.001237309
315642:6638,05/02/18 22:03:16,92,HLT_DoubleMu4_PsiPrimeTrk_Displaced_v14,0.032714778,0.031431097
315644:6638,05/02/18 22:42:00,184,HLT_DoubleMu4_PsiPrimeTrk_Displaced_v14,0.064786093,0.063159684
315645:6638,05/02/18 23:58:43,583,HLT_DoubleMu4_PsiPrimeTrk_Displaced_v14,0.165007398,0.161090551
315646:6638,05/03/18 03:51:56,1033,HLT_DoubleMu4_PsiPrimeTrk_Displaced_v14,0.195445383,0.191964439
315647:6638,05/03/18 10:38:46,58,HLT_DoubleMu4_PsiPrimeTrk_Displaced_v14,0.008667528,0.008018192
315648:6638,05/03/18 11:04:01,110,HLT_DoubleMu4_PsiPrimeTrk_Displaced_v14,0.015513726,0.015226137
315689:6639,05/03/18 14:58:22,1111,HLT_DoubleMu4_PsiPrimeTrk_Displaced_v14,0.339285554,0.329958838
315690:6639,05/03/18 22:39:08,645,HLT_DoubleMu4_PsiPrimeTrk_Displaced_v14,0.121162538,0.119001932
315702:6640,05/04/18 08:08:15,76,HLT_DoubleMu4_PsiPrimeTrk_Displaced_v14,0.024600285,0.022853106
315703:6640,05/04/18 08:40:27,545,HLT_DoubleMu4_PsiPrimeTrk_Displaced_v14,0.163590326,0.158162019
315704:6640,05/04/18 12:15:58,61,HLT_DoubleMu4_PsiPrimeTrk_Displaced_v14,0.015167059,0.014739015
315705:6640,05/04/18 12:42:46,700,HLT_DoubleMu4_PsiPrimeTrk_Displaced_v14,0.135069849,0.132814780
315713:6641,05/04/18 19:35:25,1061,HLT_DoubleMu4_PsiPrimeTrk_Displaced_v14,0.365751454,0.353734703
315721:6642,05/05/18 05:08:14,589,HLT_DoubleMu4_PsiPrimeTrk_Displaced_v14,0.218515929,0.210579169
315741:6643,05/05/18 11:57:43,59,HLT_DoubleMu4_PsiPrimeTrk_Displaced_v14,0.025217710,0.023717251
315764:6645,05/05/18 15:48:29,273,HLT_DoubleMu4_PsiPrimeTrk_Displaced_v14,0.119105323,0.114011154
315770:6646,05/06/18 02:20:23,294,HLT_DoubleMu4_PsiPrimeTrk_Displaced_v14,0.126216093,0.121796189
315784:6648,05/06/18 11:07:00,126,HLT_DoubleMu4_PsiPrimeTrk_Displaced_v14,0.053714259,0.051799834
315785:6648,05/06/18 12:23:07,303,HLT_DoubleMu4_PsiPrimeTrk_Displaced_v14,0.109412972,0.106003338
315786:6648,05/06/18 14:25:10,72,HLT_DoubleMu4_PsiPrimeTrk_Displaced_v14,0.022718391,0.021848143
315790:6648,05/06/18 18:12:51,921,HLT_DoubleMu4_PsiPrimeTrk_Displaced_v14,0.176879352,0.173123579
315800:6650,05/07/18 06:55:20,581,HLT_DoubleMu4_PsiPrimeTrk_Displaced_v14,0.213135542,0.206215401
315801:6650,05/07/18 10:57:12,344,HLT_DoubleMu4_PsiPrimeTrk_Displaced_v14,0.101138180,0.098534603
315840:6654,05/07/18 21:19:16,1122,HLT_DoubleMu4_PsiPrimeTrk_Displaced_v14,0.364439422,0.354111468
315973:6659,05/08/18 23:33:11,855,HLT_DoubleMu4_PsiPrimeTrk_Displaced_v14,0.285938999,0.278586191
315974:6659,05/09/18 05:17:09,71,HLT_DoubleMu4_PsiPrimeTrk_Displaced_v14,0.019080182,0.018532205
316058:6662,05/09/18 20:47:16,364,HLT_DoubleMu4_PsiPrimeTrk_Displaced_v14,0.142755731,0.137197208
316059:6662,05/09/18 23:10:21,566,HLT_DoubleMu4_PsiPrimeTrk_Displaced_v14,0.178381890,0.170426968
316060:6662,05/10/18 02:53:15,935,HLT_DoubleMu4_PsiPrimeTrk_Displaced_v14,0.203915094,0.198479234
316061:6662,05/10/18 09:00:15,36,HLT_DoubleMu4_PsiPrimeTrk_Displaced_v14,0.006254605,0.006146917
316062:6662,05/10/18 10:24:04,4,HLT_DoubleMu4_PsiPrimeTrk_Displaced_v14,0.000709713,0.000698283
316082:6663,05/10/18 12:45:58,371,HLT_DoubleMu4_PsiPrimeTrk_Displaced_v14,0.145838771,0.141359586
316110:6666,05/10/18 21:22:27,210,HLT_DoubleMu4_PsiPrimeTrk_Displaced_v14,0.084662551,0.081969483
316111:6666,05/10/18 22:46:45,48,HLT_DoubleMu4_PsiPrimeTrk_Displaced_v14,0.017661731,0.015161958
316113:6666,05/10/18 23:16:41,64,HLT_DoubleMu4_PsiPrimeTrk_Displaced_v14,0.022311647,0.020491266
316114:6666,05/10/18 23:42:59,1561,HLT_DoubleMu4_PsiPrimeTrk_Displaced_v14,0.377645756,0.367994967
316153:6672,05/11/18 17:03:13,770,HLT_DoubleMu4_PsiPrimeTrk_Displaced_v14,0.263569557,0.256240431
316186:6674,05/12/18 03:00:17,44,HLT_DoubleMu4_PsiPrimeTrk_Displaced_v14,0.017141809,0.015153677
316187:6674,05/12/18 03:18:33,1970,HLT_DoubleMu4_PsiPrimeTrk_Displaced_v14,0.534587696,0.512428751
316199:6675,05/12/18 18:55:11,1165,HLT_DoubleMu4_PsiPrimeTrk_Displaced_v14,0.416331454,0.401961320
316200:6675,05/13/18 02:29:14,10,HLT_DoubleMu4_PsiPrimeTrk_Displaced_v14,0.002635834,0.002226180
316201:6675,05/13/18 02:36:34,498,HLT_DoubleMu4_PsiPrimeTrk_Displaced_v14,0.115957736,0.110093155
316202:6675,05/13/18 05:53:19,403,HLT_DoubleMu4_PsiPrimeTrk_Displaced_v14,0.077434166,0.075106131
316216:6677,05/13/18 11:57:38,442,HLT_DoubleMu4_PsiPrimeTrk_Displaced_v14,0.179260722,0.171479086
316217:6677,05/13/18 15:05:03,264,HLT_DoubleMu4_PsiPrimeTrk_Displaced_v14,0.091441855,0.088158861
316218:6677,05/13/18 16:52:47,1008,HLT_DoubleMu4_PsiPrimeTrk_Displaced_v14,0.250380950,0.243232708
316219:6677,05/13/18 23:33:19,283,HLT_DoubleMu4_PsiPrimeTrk_Displaced_v14,0.050387980,0.048978441
316239:6681,05/14/18 05:52:32,589,HLT_DoubleMu4_PsiPrimeTrk_Displaced_v14,0.217721889,0.209319054
316240:6681,05/14/18 09:45:29,1224,HLT_DoubleMu4_PsiPrimeTrk_Displaced_v14,0.293553226,0.283682524
316241:6681,05/14/18 17:44:39,325,HLT_DoubleMu4_PsiPrimeTrk_Displaced_v14,0.055296179,0.053194396
316271:6683,05/15/18 00:23:54,86,HLT_DoubleMu4_PsiPrimeTrk_Displaced_v14,0.032067180,0.029698080
316361:6688,05/15/18 17:14:35,189,HLT_DoubleMu4_PsiPrimeTrk_Displaced_v15,0.028479204,0.026413888
316362:6688,05/15/18 18:35:04,425,HLT_DoubleMu4_PsiPrimeTrk_Displaced_v15,0.055678975,0.053916088
316363:6688,05/15/18 21:30:58,48,HLT_DoubleMu4_PsiPrimeTrk_Displaced_v15,0.004948662,0.004611485
316377:6690,05/16/18 01:56:02,21,HLT_DoubleMu4_PsiPrimeTrk_Displaced_v15,0.003238999,0.001986070
316378:6690,05/16/18 02:06:22,29,HLT_DoubleMu4_PsiPrimeTrk_Displaced_v15,0.006210418,0.003336673
316379:6690,05/16/18 02:20:12,70,HLT_DoubleMu4_PsiPrimeTrk_Displaced_v15,0.014591107,0.008222157
316380:6690,05/16/18 02:51:00,1208,HLT_DoubleMu4_PsiPrimeTrk_Displaced_v15,0.179336474,0.175280166
316455:6693,05/16/18 19:16:25,36,HLT_DoubleMu4_PsiPrimeTrk_Displaced_v15,0.009914375,0.009607083
316457:6693,05/16/18 19:38:28,1454,HLT_DoubleMu4_PsiPrimeTrk_Displaced_v15,0.335723751,0.326273293
316469:6694,05/17/18 07:48:25,428,HLT_DoubleMu4_PsiPrimeTrk_Displaced_v15,0.154005380,0.148877856
316470:6694,05/17/18 11:54:09,476,HLT_DoubleMu4_PsiPrimeTrk_Displaced_v15,0.121011471,0.116869505
316472:6694,05/17/18 15:00:34,328,HLT_DoubleMu4_PsiPrimeTrk_Displaced_v15,0.068118293,0.066237151
316505:6696,05/18/18 00:24:11,1319,HLT_DoubleMu4_PsiPrimeTrk_Displaced_v15,0.414502581,0.401220030
316569:6700,05/19/18 02:15:13,1888,HLT_DoubleMu4_PsiPrimeTrk_Displaced_v15,0.499434423,0.485569309
316590:6702,05/19/18 20:55:25,510,HLT_DoubleMu4_PsiPrimeTrk_Displaced_v15,0.195346939,0.189247294
316613:6706,05/20/18 07:52:22,193,HLT_DoubleMu4_PsiPrimeTrk_Displaced_v15,0.032123857,0.031466211
316615:6706,05/20/18 09:12:45,338,HLT_DoubleMu4_PsiPrimeTrk_Displaced_v15,0.050039803,0.049127397
316666:6709,05/20/18 21:51:33,981,HLT_DoubleMu4_PsiPrimeTrk_Displaced_v15,0.290501772,0.279381290
316667:6709,05/21/18 04:15:41,197,HLT_DoubleMu4_PsiPrimeTrk_Displaced_v15,0.043606324,0.042140099
316700:6710,05/21/18 11:45:22,311,HLT_DoubleMu4_PsiPrimeTrk_Displaced_v15,0.121734638,0.114304211
316701:6710,05/21/18 14:12:33,479,HLT_DoubleMu4_PsiPrimeTrk_Displaced_v15,0.150661379,0.143933326
316702:6710,05/21/18 17:21:19,388,HLT_DoubleMu4_PsiPrimeTrk_Displaced_v15,0.098397047,0.095461886
316715:6711,05/22/18 01:10:33,13,HLT_DoubleMu4_PsiPrimeTrk_Displaced_v15,0.003351253,0.003000536
316716:6711,05/22/18 01:30:21,181,HLT_DoubleMu4_PsiPrimeTrk_Displaced_v15,0.069727677,0.061792771
316717:6711,05/22/18 02:44:00,192,HLT_DoubleMu4_PsiPrimeTrk_Displaced_v15,0.066618266,0.063385896
316718:6711,05/22/18 04:00:35,311,HLT_DoubleMu4_PsiPrimeTrk_Displaced_v15,0.093701986,0.090222571
316719:6711,05/22/18 06:17:36,136,HLT_DoubleMu4_PsiPrimeTrk_Displaced_v15,0.035381806,0.032449482
316720:6711,05/22/18 07:16:06,182,HLT_DoubleMu4_PsiPrimeTrk_Displaced_v15,0.043150675,0.041732114
316721:6711,05/22/18 08:29:42,15,HLT_DoubleMu4_PsiPrimeTrk_Displaced_v15,0.003344665,0.003260078
316722:6711,05/22/18 08:45:58,751,HLT_DoubleMu4_PsiPrimeTrk_Displaced_v15,0.139833719,0.134760529
316723:6711,05/22/18 13:38:48,64,HLT_DoubleMu4_PsiPrimeTrk_Displaced_v15,0.009830576,0.009621132
316758:6712,05/22/18 16:43:00,1599,HLT_DoubleMu4_PsiPrimeTrk_Displaced_v15,0.472002595,0.455682721
316766:6714,05/23/18 05:50:20,2148,HLT_DoubleMu4_PsiPrimeTrk_Displaced_v15,0.578885603,0.561052774
316876:6719,05/24/18 23:17:15,610,HLT_DoubleMu4_PsiPrimeTrk_Displaced_v15,0.236503579,0.216379022
316877:6719,05/25/18 03:18:15,395,HLT_DoubleMu4_PsiPrimeTrk_Displaced_v15,0.115167832,0.111051479
316879:6719,05/25/18 06:01:35,156,HLT_DoubleMu4_PsiPrimeTrk_Displaced_v15,0.038537500,0.036513199
316928:6724,05/25/18 17:30:22,149,HLT_DoubleMu4_PsiPrimeTrk_Displaced_v15,0.045713438,0.044417240
316985:6731,05/27/18 20:04:08,471,HLT_DoubleMu4_PsiPrimeTrk_Displaced_v15,0.178089815,0.172546110
316993:6733,05/28/18 03:32:50,211,HLT_DoubleMu4_PsiPrimeTrk_Displaced_v15,0.079701346,0.074473713
316994:6733,05/28/18 04:58:46,14,HLT_DoubleMu4_PsiPrimeTrk_Displaced_v15,0.005071474,0.004777100
316995:6733,05/28/18 05:06:29,623,HLT_DoubleMu4_PsiPrimeTrk_Displaced_v15,0.191895663,0.186194514
317080:6737,05/28/18 20:40:32,26,HLT_DoubleMu4_PsiPrimeTrk_Displaced_v15,0.008321786,0.007844260
317087:6738,05/28/18 23:14:11,741,HLT_DoubleMu4_PsiPrimeTrk_Displaced_v15,0.252944673,0.243200389
317089:6738,05/29/18 04:46:51,1003,HLT_DoubleMu4_PsiPrimeTrk_Displaced_v15,0.221327453,0.212904926
317182:6741,05/30/18 09:15:46,1377,HLT_DoubleMu4_PsiPrimeTrk_Displaced_v15,0.421884343,0.406207245
317212:6744,05/31/18 02:42:17,140,HLT_DoubleMu4_PsiPrimeTrk_Displaced_v15,0.054310040,0.051172376
317213:6744,05/31/18 03:40:05,375,HLT_DoubleMu4_PsiPrimeTrk_Displaced_v15,0.130330487,0.125489076
317279:6747,05/31/18 17:11:10,466,HLT_DoubleMu4_PsiPrimeTrk_Displaced_v15,0.068311783,0.065891594
317291:6749,06/01/18 02:53:28,791,HLT_DoubleMu4_PsiPrimeTrk_Displaced_v15,0.283387869,0.274028870
317292:6749,06/01/18 08:08:05,330,HLT_DoubleMu4_PsiPrimeTrk_Displaced_v15,0.087646871,0.085006647
317297:6749,06/01/18 11:34:35,697,HLT_DoubleMu4_PsiPrimeTrk_Displaced_v15,0.127414434,0.123798905
317319:6751,06/01/18 19:42:33,139,HLT_DoubleMu4_PsiPrimeTrk_Displaced_v15,0.056781549,0.053514561
317320:6751,06/01/18 20:37:54,1820,HLT_DoubleMu4_PsiPrimeTrk_Displaced_v15,0.477050150,0.460767275
317338:6752,06/02/18 10:48:26,42,HLT_DoubleMu4_PsiPrimeTrk_Displaced_v15,0.015939426,0.013631072
317339:6752,06/02/18 11:06:14,163,HLT_DoubleMu4_PsiPrimeTrk_Displaced_v15,0.068357516,0.065749760
317340:6752,06/02/18 12:17:48,418,HLT_DoubleMu4_PsiPrimeTrk_Displaced_v15,0.147844107,0.140596348
317382:6755,06/03/18 16:34:21,71,HLT_DoubleMu4_PsiPrimeTrk_Displaced_v15,0.027788964,0.024139434
317383:6755,06/03/18 17:05:19,58,HLT_DoubleMu4_PsiPrimeTrk_Displaced_v15,0.023899464,0.022451239
317391:6757,06/04/18 03:21:59,8,HLT_DoubleMu4_PsiPrimeTrk_Displaced_v15,0.003496514,0.002717287
317392:6757,06/04/18 03:27:44,1898,HLT_DoubleMu4_PsiPrimeTrk_Displaced_v15,0.505356146,0.490656629
317435:6759,06/05/18 00:15:36,1397,HLT_DoubleMu4_PsiPrimeTrk_Displaced_v15,0.374444906,0.360612921
317438:6759,06/05/18 09:20:20,307,HLT_DoubleMu4_PsiPrimeTrk_Displaced_v15,0.051746867,0.049709578
317475:6761,06/05/18 18:13:47,68,HLT_DoubleMu4_PsiPrimeTrk_Displaced_v15,0.027077537,0.025761150
317478:6761,06/05/18 18:47:21,23,HLT_DoubleMu4_PsiPrimeTrk_Displaced_v15,0.008476414,0.007937242
317484:6761,06/05/18 19:51:18,523,HLT_DoubleMu4_PsiPrimeTrk_Displaced_v15,0.165745170,0.160355997
317488:6761,06/05/18 23:26:30,844,HLT_DoubleMu4_PsiPrimeTrk_Displaced_v15,0.186916038,0.181128073
317527:6763,06/06/18 22:52:12,1447,HLT_DoubleMu4_PsiPrimeTrk_Displaced_v15,0.466677521,0.452099029
317591:6768,06/08/18 07:07:54,292,HLT_DoubleMu4_PsiPrimeTrk_Displaced_v15,0.115251802,0.111116517
317626:6770,06/08/18 20:45:30,2006,HLT_DoubleMu4_PsiPrimeTrk_Displaced_v15,0.546495591,0.528939540
317640:6772,06/09/18 13:47:48,801,HLT_DoubleMu4_PsiPrimeTrk_Displaced_v15,0.271611233,0.261179265
317641:6772,06/09/18 19:02:09,1390,HLT_DoubleMu4_PsiPrimeTrk_Displaced_v15,0.276436218,0.268315019
317648:6773,06/10/18 06:27:56,95,HLT_DoubleMu4_PsiPrimeTrk_Displaced_v15,0.037465896,0.033881916
317649:6773,06/10/18 07:08:12,621,HLT_DoubleMu4_PsiPrimeTrk_Displaced_v15,0.200450209,0.193211576
317650:6773,06/10/18 11:10:27,1304,HLT_DoubleMu4_PsiPrimeTrk_Displaced_v15,0.264311478,0.255996426
317661:6774,06/10/18 21:56:59,1222,HLT_DoubleMu4_PsiPrimeTrk_Displaced_v15,0.387535047,0.375651112
317663:6774,06/11/18 06:27:15,858,HLT_DoubleMu4_PsiPrimeTrk_Displaced_v15,0.157242875,0.153301355
317683:6776,06/11/18 16:18:33,320,HLT_DoubleMu4_PsiPrimeTrk_Displaced_v15,0.122368155,0.117851782
317696:6778,06/12/18 00:00:42,645,HLT_DoubleMu4_PsiPrimeTrk_Displaced_v15,0.237876176,0.228786857
318733:6850,06/26/18 22:28:18,33,HLT_DoubleMu4_PsiPrimeTrk_Displaced_v15,0.002986044,0.002792197
318828:6858,06/28/18 06:30:24,70,HLT_DoubleMu4_PsiPrimeTrk_Displaced_v15,0.013680177,0.013229261
318872:6860,06/28/18 15:50:31,272,HLT_DoubleMu4_PsiPrimeTrk_Displaced_v15,0.095225963,0.091854514
318874:6860,06/28/18 17:39:38,320,HLT_DoubleMu4_PsiPrimeTrk_Displaced_v15,0.104220627,0.099565217
318876:6860,06/28/18 19:45:23,161,HLT_DoubleMu4_PsiPrimeTrk_Displaced_v15,0.049033569,0.046587025
318877:6860,06/28/18 20:49:22,615,HLT_DoubleMu4_PsiPrimeTrk_Displaced_v15,0.165061387,0.160548836
319077:6874,07/01/18 23:27:46,41,HLT_DoubleMu4_PsiPrimeTrk_Displaced_v15,0.016847099,0.016371875
319337:6901,07/08/18 02:05:51,2193,HLT_DoubleMu4_PsiPrimeTrk_Displaced_v15,0.237348102,0.232388818
319347:6904,07/08/18 19:53:18,651,HLT_DoubleMu4_PsiPrimeTrk_Displaced_v15,0.229076515,0.210856031
319348:6904,07/09/18 00:07:18,37,HLT_DoubleMu4_PsiPrimeTrk_Displaced_v15,0.010960648,0.005006475
319349:6904,07/09/18 00:23:34,148,HLT_DoubleMu4_PsiPrimeTrk_Displaced_v15,0.041965227,0.040843828
319449:6909,07/09/18 20:59:32,698,HLT_DoubleMu4_PsiPrimeTrk_Displaced_v15,0.259586491,0.249173726
319450:6909,07/10/18 01:32:44,681,HLT_DoubleMu4_PsiPrimeTrk_Displaced_v15,0.212504803,0.207045612
319456:6909,07/10/18 07:08:40,209,HLT_DoubleMu4_PsiPrimeTrk_Displaced_v15,0.054018897,0.052015625
319459:6909,07/10/18 08:32:35,78,HLT_DoubleMu4_PsiPrimeTrk_Displaced_v15,0.017641441,0.017212101
319486:6911,07/11/18 09:10:21,66,HLT_DoubleMu4_PsiPrimeTrk_Displaced_v15,0.021061388,0.020314797
319503:6911,07/11/18 17:30:46,317,HLT_DoubleMu4_PsiPrimeTrk_Displaced_v15,0.094813078,0.090959188
319524:6912,07/11/18 22:27:29,1424,HLT_DoubleMu4_PsiPrimeTrk_Displaced_v15,0.470771755,0.456701499
319526:6912,07/12/18 08:14:19,282,HLT_DoubleMu4_PsiPrimeTrk_Displaced_v15,0.071759686,0.069659575
319528:6912,07/12/18 10:12:58,254,HLT_DoubleMu4_PsiPrimeTrk_Displaced_v15,0.059799445,0.058410906
319579:6919,07/13/18 04:43:17,3128,HLT_DoubleMu4_PsiPrimeTrk_Displaced_v15,0.842700420,0.818490479
319625:6921,07/14/18 14:05:51,190,HLT_DoubleMu4_PsiPrimeTrk_Displaced_v15,0.072958182,0.070596043
319639:6923,07/14/18 18:52:13,1479,HLT_DoubleMu4_PsiPrimeTrk_Displaced_v15,0.423548196,0.409340341
319656:6924,07/15/18 07:26:01,256,HLT_DoubleMu4_PsiPrimeTrk_Displaced_v15,0.091266968,0.086471826
319657:6924,07/15/18 09:09:07,167,HLT_DoubleMu4_PsiPrimeTrk_Displaced_v15,0.053752827,0.051824096
319658:6924,07/15/18 10:17:14,222,HLT_DoubleMu4_PsiPrimeTrk_Displaced_v15,0.063914335,0.061716393
319659:6924,07/15/18 11:50:26,87,HLT_DoubleMu4_PsiPrimeTrk_Displaced_v15,0.022608350,0.021787667
319678:6925,07/15/18 15:20:13,259,HLT_DoubleMu4_PsiPrimeTrk_Displaced_v15,0.099052349,0.095424824
319687:6927,07/15/18 22:28:04,45,HLT_DoubleMu4_PsiPrimeTrk_Displaced_v15,0.016486816,0.016052913
319697:6929,07/16/18 02:17:40,437,HLT_DoubleMu4_PsiPrimeTrk_Displaced_v15,0.062852753,0.060561287
319698:6929,07/16/18 05:13:10,312,HLT_DoubleMu4_PsiPrimeTrk_Displaced_v15,0.037203705,0.036295265
319756:6931,07/16/18 15:39:04,1923,HLT_DoubleMu4_PsiPrimeTrk_Displaced_v15,0.507084360,0.490204543
319840:6939,07/17/18 22:27:53,348,HLT_DoubleMu4_PsiPrimeTrk_Displaced_v15,0.051262088,0.049718970
319841:6939,07/18/18 00:44:33,167,HLT_DoubleMu4_PsiPrimeTrk_Displaced_v15,0.020840269,0.020280330
319847:6940,07/18/18 04:02:30,3,HLT_DoubleMu4_PsiPrimeTrk_Displaced_v15,0.001330127,0.000903537
319848:6940,07/18/18 04:04:45,53,HLT_DoubleMu4_PsiPrimeTrk_Displaced_v15,0.019928545,0.019081513
319849:6940,07/18/18 04:28:02,492,HLT_DoubleMu4_PsiPrimeTrk_Displaced_v15,0.180217181,0.173552091
319851:6940,07/18/18 07:46:30,4,HLT_DoubleMu4_PsiPrimeTrk_Displaced_v15,0.001250205,0.001137038
319853:6940,07/18/18 08:01:32,256,HLT_DoubleMu4_PsiPrimeTrk_Displaced_v15,0.073307576,0.071203488
319854:6940,07/18/18 09:44:34,225,HLT_DoubleMu4_PsiPrimeTrk_Displaced_v15,0.055235129,0.053716327
319908:6942,07/19/18 02:40:13,51,HLT_DoubleMu4_PsiPrimeTrk_Displaced_v15,0.019578670,0.018295828
319909:6942,07/19/18 03:03:13,7,HLT_DoubleMu4_PsiPrimeTrk_Displaced_v15,0.002745400,0.001120242
319910:6942,07/19/18 03:09:20,983,HLT_DoubleMu4_PsiPrimeTrk_Displaced_v15,0.315473757,0.304865167
319912:6942,07/19/18 09:34:18,59,HLT_DoubleMu4_PsiPrimeTrk_Displaced_v15,0.014171175,0.013437223
319913:6942,07/19/18 09:59:24,56,HLT_DoubleMu4_PsiPrimeTrk_Displaced_v15,0.013018604,0.012566235
319914:6942,07/19/18 10:22:49,32,HLT_DoubleMu4_PsiPrimeTrk_Displaced_v15,0.007252517,0.006879860
319915:6942,07/19/18 10:37:23,416,HLT_DoubleMu4_PsiPrimeTrk_Displaced_v15,0.088940054,0.086802323
319941:6944,07/19/18 19:59:35,256,HLT_DoubleMu4_PsiPrimeTrk_Displaced_v15,0.099020301,0.094417188
319942:6944,07/19/18 21:41:30,50,HLT_DoubleMu4_PsiPrimeTrk_Displaced_v15,0.017942823,0.017468906
319950:6946,07/20/18 02:45:30,168,HLT_DoubleMu4_PsiPrimeTrk_Displaced_v15,0.067839945,0.065935971
319991:6953,07/20/18 15:48:51,837,HLT_DoubleMu4_PsiPrimeTrk_Displaced_v15,0.292529663,0.282111415
319992:6953,07/20/18 21:15:39,264,HLT_DoubleMu4_PsiPrimeTrk_Displaced_v15,0.068314275,0.065586502
319993:6953,07/20/18 23:01:06,955,HLT_DoubleMu4_PsiPrimeTrk_Displaced_v15,0.187746874,0.182675815
320002:6956,07/21/18 08:17:32,141,HLT_DoubleMu4_PsiPrimeTrk_Displaced_v15,0.052523216,0.050203468
320006:6956,07/21/18 09:46:32,340,HLT_DoubleMu4_PsiPrimeTrk_Displaced_v15,0.117879419,0.114140140
320010:6956,07/21/18 14:27:42,330,HLT_DoubleMu4_PsiPrimeTrk_Displaced_v15,0.076664085,0.074676692
320011:6956,07/21/18 16:38:02,302,HLT_DoubleMu4_PsiPrimeTrk_Displaced_v15,0.063113218,0.061138036
320012:6956,07/21/18 18:38:20,99,HLT_DoubleMu4_PsiPrimeTrk_Displaced_v15,0.018711964,0.018060690
320023:6957,07/21/18 21:33:03,276,HLT_DoubleMu4_PsiPrimeTrk_Displaced_v15,0.103950025,0.098834607
320024:6957,07/21/18 23:21:36,410,HLT_DoubleMu4_PsiPrimeTrk_Displaced_v15,0.130440803,0.126440979
320025:6957,07/22/18 02:03:20,113,HLT_DoubleMu4_PsiPrimeTrk_Displaced_v15,0.031215788,0.030113234
320026:6957,07/22/18 02:49:54,204,HLT_DoubleMu4_PsiPrimeTrk_Displaced_v15,0.051564606,0.050085703
320038:6960,07/22/18 07:09:04,621,HLT_DoubleMu4_PsiPrimeTrk_Displaced_v15,0.227408676,0.218712390
320039:6960,07/22/18 11:13:45,30,HLT_DoubleMu4_PsiPrimeTrk_Displaced_v15,0.009142264,0.008200272
320040:6960,07/22/18 11:29:06,737,HLT_DoubleMu4_PsiPrimeTrk_Displaced_v15,0.183359086,0.177428533
320059:6961,07/22/18 18:43:23,105,HLT_DoubleMu4_PsiPrimeTrk_Displaced_v15,0.043615700,0.040908654
320060:6961,07/22/18 19:27:05,42,HLT_DoubleMu4_PsiPrimeTrk_Displaced_v15,0.016524473,0.015725006
320061:6961,07/22/18 19:46:28,49,HLT_DoubleMu4_PsiPrimeTrk_Displaced_v15,0.019093724,0.018270053
320062:6961,07/22/18 20:06:50,21,HLT_DoubleMu4_PsiPrimeTrk_Displaced_v15,0.008000755,0.006956471
320063:6961,07/22/18 20:17:40,64,HLT_DoubleMu4_PsiPrimeTrk_Displaced_v15,0.023691153,0.022166104
320064:6961,07/22/18 20:48:07,200,HLT_DoubleMu4_PsiPrimeTrk_Displaced_v15,0.068380638,0.064866603
320065:6961,07/22/18 22:09:30,920,HLT_DoubleMu4_PsiPrimeTrk_Displaced_v15,0.234981096,0.227086186
320673:7005,08/01/18 02:33:01,867,HLT_DoubleMu4_PsiPrimeTrk_Displaced_v15,0.065886258,0.064592146
320674:7005,08/01/18 08:11:46,599,HLT_DoubleMu4_PsiPrimeTrk_Displaced_v15,0.034307292,0.033749177
320688:7006,08/01/18 15:24:06,483,HLT_DoubleMu4_PsiPrimeTrk_Displaced_v15,0.135321679,0.130855199
320712:7008,08/02/18 02:45:01,204,HLT_DoubleMu4_PsiPrimeTrk_Displaced_v15,0.071961247,0.069579800
320757:7013,08/02/18 14:37:56,332,HLT_DoubleMu4_PsiPrimeTrk_Displaced_v15,0.120886198,0.116683595
320804:7017,08/03/18 07:27:51,1229,HLT_DoubleMu4_PsiPrimeTrk_Displaced_v15,0.330955853,0.319033307
320807:7017,08/03/18 15:28:46,7,HLT_DoubleMu4_PsiPrimeTrk_Displaced_v15,0.001319980,0.000348408
320809:7017,08/03/18 15:43:13,716,HLT_DoubleMu4_PsiPrimeTrk_Displaced_v15,0.109016947,0.106230704
320821:7018,08/03/18 23:57:32,181,HLT_DoubleMu4_PsiPrimeTrk_Displaced_v15,0.062971560,0.060432928
320822:7018,08/04/18 01:09:16,523,HLT_DoubleMu4_PsiPrimeTrk_Displaced_v15,0.155022448,0.149814403
320823:7018,08/04/18 04:34:31,360,HLT_DoubleMu4_PsiPrimeTrk_Displaced_v15,0.082833311,0.080025310
320824:7018,08/04/18 06:55:49,1051,HLT_DoubleMu4_PsiPrimeTrk_Displaced_v15,0.168366394,0.164020053
320838:7020,08/04/18 17:31:12,265,HLT_DoubleMu4_PsiPrimeTrk_Displaced_v15,0.096928421,0.092366066
320840:7020,08/04/18 19:20:14,471,HLT_DoubleMu4_PsiPrimeTrk_Displaced_v15,0.146842730,0.141043050
320841:7020,08/04/18 22:26:03,205,HLT_DoubleMu4_PsiPrimeTrk_Displaced_v15,0.052347637,0.050468155
320853:7024,08/05/18 06:48:20,329,HLT_DoubleMu4_PsiPrimeTrk_Displaced_v15,0.122363483,0.118065454
320854:7024,08/05/18 08:59:06,125,HLT_DoubleMu4_PsiPrimeTrk_Displaced_v15,0.041400997,0.039644924
320855:7024,08/05/18 09:50:43,565,HLT_DoubleMu4_PsiPrimeTrk_Displaced_v15,0.151991410,0.146559259
320856:7024,08/05/18 13:36:28,159,HLT_DoubleMu4_PsiPrimeTrk_Displaced_v15,0.034598791,0.033490847
320857:7024,08/05/18 14:39:57,272,HLT_DoubleMu4_PsiPrimeTrk_Displaced_v15,0.054740449,0.052859822
320858:7024,08/05/18 16:27:33,230,HLT_DoubleMu4_PsiPrimeTrk_Displaced_v15,0.039032500,0.037521088
320859:7024,08/05/18 18:00:16,40,HLT_DoubleMu4_PsiPrimeTrk_Displaced_v15,0.005145820,0.004926672
320887:7026,08/05/18 22:38:34,273,HLT_DoubleMu4_PsiPrimeTrk_Displaced_v15,0.107833308,0.104361547
320888:7026,08/06/18 00:26:10,26,HLT_DoubleMu4_PsiPrimeTrk_Displaced_v15,0.009764263,0.009500190
320916:7031,08/06/18 09:12:39,24,HLT_DoubleMu4_PsiPrimeTrk_Displaced_v15,0.007336221,0.006635005
320917:7031,08/06/18 09:25:17,1926,HLT_DoubleMu4_PsiPrimeTrk_Displaced_v15,0.492698235,0.477801747
320920:7031,08/06/18 21:56:15,178,HLT_DoubleMu4_PsiPrimeTrk_Displaced_v15,0.024669249,0.024013428
320933:7033,08/07/18 03:29:36,172,HLT_DoubleMu4_PsiPrimeTrk_Displaced_v15,0.054446952,0.051965819
320934:7033,08/07/18 04:38:31,826,HLT_DoubleMu4_PsiPrimeTrk_Displaced_v15,0.217431928,0.210460582
320936:7033,08/07/18 10:01:22,400,HLT_DoubleMu4_PsiPrimeTrk_Displaced_v15,0.081580034,0.078320032
320941:7033,08/07/18 12:39:42,93,HLT_DoubleMu4_PsiPrimeTrk_Displaced_v15,0.016178908,0.015638078
320980:7035,08/07/18 15:52:40,99,HLT_DoubleMu4_PsiPrimeTrk_Displaced_v15,0.039561634,0.038407528
320995:7036,08/07/18 19:28:55,183,HLT_DoubleMu4_PsiPrimeTrk_Displaced_v15,0.028183311,0.025796208
320996:7036,08/07/18 20:42:30,380,HLT_DoubleMu4_PsiPrimeTrk_Displaced_v15,0.050584199,0.048288004
321004:7037,08/08/18 01:47:42,147,HLT_DoubleMu4_PsiPrimeTrk_Displaced_v15,0.050292118,0.046906478
321005:7037,08/08/18 02:48:15,61,HLT_DoubleMu4_PsiPrimeTrk_Displaced_v15,0.021380109,0.019195813
321006:7037,08/08/18 03:15:04,162,HLT_DoubleMu4_PsiPrimeTrk_Displaced_v15,0.054086088,0.051704227
321007:7037,08/08/18 04:19:56,829,HLT_DoubleMu4_PsiPrimeTrk_Displaced_v15,0.209654048,0.202763102
321009:7037,08/08/18 09:43:25,79,HLT_DoubleMu4_PsiPrimeTrk_Displaced_v15,0.015507845,0.014732928
321010:7037,08/08/18 10:16:22,342,HLT_DoubleMu4_PsiPrimeTrk_Displaced_v15,0.059726248,0.057206632
321011:7037,08/08/18 12:32:48,211,HLT_DoubleMu4_PsiPrimeTrk_Displaced_v15,0.031527285,0.028948830
321012:7037,08/08/18 13:58:30,47,HLT_DoubleMu4_PsiPrimeTrk_Displaced_v15,0.005390345,0.004974448
321051:7039,08/09/18 03:17:54,1113,HLT_DoubleMu4_PsiPrimeTrk_Displaced_v15,0.326956568,0.311577321
321055:7039,08/09/18 10:35:36,730,HLT_DoubleMu4_PsiPrimeTrk_Displaced_v15,0.128411458,0.125495500
321067:7040,08/09/18 18:21:44,593,HLT_DoubleMu4_PsiPrimeTrk_Displaced_v15,0.179546898,0.172706969
321068:7040,08/09/18 22:16:40,707,HLT_DoubleMu4_PsiPrimeTrk_Displaced_v15,0.151436924,0.147136741
321069:7040,08/10/18 02:54:15,313,HLT_DoubleMu4_PsiPrimeTrk_Displaced_v15,0.051305481,0.049557775
321119:7042,08/10/18 15:12:52,169,HLT_DoubleMu4_PsiPrimeTrk_Displaced_v15,0.062509106,0.058668389
321121:7042,08/10/18 16:22:06,46,HLT_DoubleMu4_PsiPrimeTrk_Displaced_v15,0.017000011,0.015831462
321122:7042,08/10/18 16:42:10,391,HLT_DoubleMu4_PsiPrimeTrk_Displaced_v15,0.126907640,0.120346156
321124:7042,08/10/18 19:20:25,818,HLT_DoubleMu4_PsiPrimeTrk_Displaced_v15,0.192703177,0.185307787
321126:7042,08/11/18 01:03:45,493,HLT_DoubleMu4_PsiPrimeTrk_Displaced_v15,0.081502595,0.078957429
321134:7043,08/11/18 08:39:55,38,HLT_DoubleMu4_PsiPrimeTrk_Displaced_v15,0.008416261,0.008164269
321138:7043,08/11/18 09:32:55,735,HLT_DoubleMu4_PsiPrimeTrk_Displaced_v15,0.149384450,0.141976762
321140:7043,08/11/18 14:25:01,798,HLT_DoubleMu4_PsiPrimeTrk_Displaced_v15,0.119693342,0.116949370
321149:7045,08/11/18 22:25:55,1697,HLT_DoubleMu4_PsiPrimeTrk_Displaced_v15,0.446894650,0.433916174
321165:7047,08/12/18 15:19:23,2,HLT_DoubleMu4_PsiPrimeTrk_Displaced_v15,0.000806762,0.000389898
321166:7047,08/12/18 15:42:32,10,HLT_DoubleMu4_PsiPrimeTrk_Displaced_v15,0.003997463,0.003380938
321167:7047,08/12/18 15:51:01,918,HLT_DoubleMu4_PsiPrimeTrk_Displaced_v15,0.282763401,0.274126989
321177:7048,08/13/18 03:40:20,411,HLT_DoubleMu4_PsiPrimeTrk_Displaced_v15,0.156072679,0.151674214
321178:7048,08/13/18 06:57:22,74,HLT_DoubleMu4_PsiPrimeTrk_Displaced_v15,0.023596124,0.023034517
321218:7052,08/13/18 12:13:49,914,HLT_DoubleMu4_PsiPrimeTrk_Displaced_v15,0.296324865,0.282500585
321219:7052,08/13/18 18:10:44,930,HLT_DoubleMu4_PsiPrimeTrk_Displaced_v15,0.186211343,0.181189493
321221:7052,08/14/18 00:13:21,40,HLT_DoubleMu4_PsiPrimeTrk_Displaced_v15,0.006038613,0.005906206
321230:7053,08/14/18 03:33:41,81,HLT_DoubleMu4_PsiPrimeTrk_Displaced_v15,0.032086407,0.022670378
321231:7053,08/14/18 04:09:24,59,HLT_DoubleMu4_PsiPrimeTrk_Displaced_v15,0.024679614,0.014523657
321232:7053,08/14/18 04:36:11,24,HLT_DoubleMu4_PsiPrimeTrk_Displaced_v15,0.009687275,0.006057920
321233:7053,08/14/18 04:47:55,727,HLT_DoubleMu4_PsiPrimeTrk_Displaced_v15,0.238948586,0.231852526
321262:7054,08/14/18 12:50:07,4,HLT_DoubleMu4_PsiPrimeTrk_Displaced_v15,0.001737787,0.001669120
321283:7055,08/14/18 15:05:56,310,HLT_DoubleMu4_PsiPrimeTrk_Displaced_v15,0.124953463,0.119780879
321294:7055,08/14/18 17:35:51,62,HLT_DoubleMu4_PsiPrimeTrk_Displaced_v15,0.022067521,0.020610486
321295:7055,08/14/18 18:01:35,734,HLT_DoubleMu4_PsiPrimeTrk_Displaced_v15,0.208661372,0.201490287
321296:7055,08/14/18 22:55:44,56,HLT_DoubleMu4_PsiPrimeTrk_Displaced_v15,0.012397914,0.011876596
321305:7056,08/15/18 02:02:21,2628,HLT_DoubleMu4_PsiPrimeTrk_Displaced_v15,0.622179623,0.601904551
321311:7056,08/15/18 20:48:28,10,HLT_DoubleMu4_PsiPrimeTrk_Displaced_v15,0.000941655,0.000473243
321312:7056,08/15/18 20:55:17,761,HLT_DoubleMu4_PsiPrimeTrk_Displaced_v15,0.061529666,0.060265688
321313:7056,08/16/18 01:55:17,408,HLT_DoubleMu4_PsiPrimeTrk_Displaced_v15,0.026959409,0.026586081
321393:7058,08/17/18 05:32:36,138,HLT_DoubleMu4_PsiPrimeTrk_Displaced_v15,0.051870893,0.049689179
321396:7058,08/17/18 06:29:54,1469,HLT_DoubleMu4_PsiPrimeTrk_Displaced_v15,0.378296920,0.365018162
321397:7058,08/17/18 16:06:23,365,HLT_DoubleMu4_PsiPrimeTrk_Displaced_v15,0.053675056,0.052262513
321414:7061,08/17/18 21:14:10,1243,HLT_DoubleMu4_PsiPrimeTrk_Displaced_v15,0.395274302,0.380801771
321415:7061,08/18/18 05:21:19,804,HLT_DoubleMu4_PsiPrimeTrk_Displaced_v15,0.146243466,0.142213696
321431:7063,08/18/18 13:51:46,153,HLT_DoubleMu4_PsiPrimeTrk_Displaced_v15,0.059086784,0.055907925
321432:7063,08/18/18 14:54:29,47,HLT_DoubleMu4_PsiPrimeTrk_Displaced_v15,0.018178671,0.016577963
321433:7063,08/18/18 15:15:09,125,HLT_DoubleMu4_PsiPrimeTrk_Displaced_v15,0.045595448,0.042731538
321434:7063,08/18/18 16:07:00,642,HLT_DoubleMu4_PsiPrimeTrk_Displaced_v15,0.187641856,0.180882406
321436:7063,08/18/18 20:20:52,710,HLT_DoubleMu4_PsiPrimeTrk_Displaced_v15,0.142079561,0.138441929
321457:7065,08/19/18 07:38:11,1844,HLT_DoubleMu4_PsiPrimeTrk_Displaced_v15,0.501709771,0.482761896
321461:7065,08/19/18 19:38:10,149,HLT_DoubleMu4_PsiPrimeTrk_Displaced_v15,0.021566306,0.021013094
321475:7069,08/20/18 01:30:43,2028,HLT_DoubleMu4_PsiPrimeTrk_Displaced_v15,0.488689788,0.471912521
321710:7078,08/23/18 13:20:08,52,HLT_DoubleMu4_PsiPrimeTrk_Displaced_v15,0.018046259,0.017235399
321712:7078,08/23/18 13:42:14,247,HLT_DoubleMu4_PsiPrimeTrk_Displaced_v15,0.087886196,0.084378140
321730:7080,08/23/18 21:10:55,286,HLT_DoubleMu4_PsiPrimeTrk_Displaced_v15,0.112375837,0.102670881
321732:7080,08/23/18 23:11:04,1407,HLT_DoubleMu4_PsiPrimeTrk_Displaced_v15,0.358201362,0.344691952
321735:7080,08/24/18 08:33:27,146,HLT_DoubleMu4_PsiPrimeTrk_Displaced_v15,0.024345227,0.023661290
321755:7083,08/24/18 13:48:50,686,HLT_DoubleMu4_PsiPrimeTrk_Displaced_v15,0.221469550,0.213437556
321758:7083,08/24/18 18:21:07,152,HLT_DoubleMu4_PsiPrimeTrk_Displaced_v15,0.038637372,0.037517590
321760:7083,08/24/18 19:44:52,805,HLT_DoubleMu4_PsiPrimeTrk_Displaced_v15,0.150632665,0.146153421
321773:7087,08/25/18 12:11:58,55,HLT_DoubleMu4_PsiPrimeTrk_Displaced_v15,0.022124395,0.021058783
321774:7087,08/25/18 12:43:49,117,HLT_DoubleMu4_PsiPrimeTrk_Displaced_v15,0.045889276,0.043723139
321775:7087,08/25/18 13:36:11,13,HLT_DoubleMu4_PsiPrimeTrk_Displaced_v15,0.004960631,0.004807240
321776:7087,08/25/18 13:57:38,30,HLT_DoubleMu4_PsiPrimeTrk_Displaced_v15,0.010990012,0.010304681
321777:7087,08/25/18 14:14:59,187,HLT_DoubleMu4_PsiPrimeTrk_Displaced_v15,0.063976900,0.058616866
321778:7087,08/25/18 16:07:27,136,HLT_DoubleMu4_PsiPrimeTrk_Displaced_v15,0.039886442,0.036058295
321780:7087,08/25/18 17:04:57,481,HLT_DoubleMu4_PsiPrimeTrk_Displaced_v15,0.116933559,0.113674716
321781:7087,08/25/18 20:38:11,380,HLT_DoubleMu4_PsiPrimeTrk_Displaced_v15,0.070570108,0.068009102
321813:7090,08/26/18 09:20:15,321,HLT_DoubleMu4_PsiPrimeTrk_Displaced_v15,0.125075552,0.120243809
321815:7090,08/26/18 12:01:16,23,HLT_DoubleMu4_PsiPrimeTrk_Displaced_v15,0.007776365,0.005120206
321817:7090,08/26/18 12:20:00,536,HLT_DoubleMu4_PsiPrimeTrk_Displaced_v15,0.153547752,0.148473508
321818:7090,08/26/18 15:50:06,690,HLT_DoubleMu4_PsiPrimeTrk_Displaced_v15,0.142889883,0.138015405
321820:7090,08/26/18 20:26:15,214,HLT_DoubleMu4_PsiPrimeTrk_Displaced_v15,0.032880906,0.032068958
321831:7091,08/27/18 00:10:22,752,HLT_DoubleMu4_PsiPrimeTrk_Displaced_v15,0.259147823,0.248042890
321832:7091,08/27/18 05:06:22,494,HLT_DoubleMu4_PsiPrimeTrk_Displaced_v15,0.120327552,0.115961844
321833:7091,08/27/18 08:27:00,398,HLT_DoubleMu4_PsiPrimeTrk_Displaced_v15,0.076878879,0.074190773
321834:7091,08/27/18 11:05:28,333,HLT_DoubleMu4_PsiPrimeTrk_Displaced_v15,0.051569711,0.049809506
321879:7092,08/27/18 17:57:43,265,HLT_DoubleMu4_PsiPrimeTrk_Displaced_v15,0.096052125,0.090170659
321880:7092,08/27/18 20:01:46,130,HLT_DoubleMu4_PsiPrimeTrk_Displaced_v15,0.042742253,0.041375820
321887:7095,08/28/18 01:04:04,895,HLT_DoubleMu4_PsiPrimeTrk_Displaced_v15,0.287810036,0.276941304
321908:7097,08/28/18 13:40:10,426,HLT_DoubleMu4_PsiPrimeTrk_Displaced_v15,0.155763299,0.145314737
321909:7097,08/28/18 16:31:34,1653,HLT_DoubleMu4_PsiPrimeTrk_Displaced_v15,0.351568812,0.340569377
321917:7098,08/29/18 05:24:24,798,HLT_DoubleMu4_PsiPrimeTrk_Displaced_v15,0.271675031,0.261219957
321919:7098,08/29/18 10:38:52,6,HLT_DoubleMu4_PsiPrimeTrk_Displaced_v15,0.001642874,0.001488823
321933:7099,08/29/18 14:09:13,282,HLT_DoubleMu4_PsiPrimeTrk_Displaced_v15,0.104891275,0.101007248
321960:7101,08/29/18 21:26:49,24,HLT_DoubleMu4_PsiPrimeTrk_Displaced_v15,0.007956220,0.007304486
321961:7101,08/29/18 21:43:01,354,HLT_DoubleMu4_PsiPrimeTrk_Displaced_v15,0.138272961,0.132126192
321973:7105,08/30/18 09:44:30,1208,HLT_DoubleMu4_PsiPrimeTrk_Displaced_v15,0.373337456,0.358666936
321975:7105,08/30/18 17:37:18,866,HLT_DoubleMu4_PsiPrimeTrk_Displaced_v15,0.150778733,0.145783784
321988:7108,08/31/18 03:56:29,1329,HLT_DoubleMu4_PsiPrimeTrk_Displaced_v15,0.399919959,0.384021716
321990:7108,08/31/18 13:16:37,471,HLT_DoubleMu4_PsiPrimeTrk_Displaced_v15,0.083326865,0.081031948
322013:7109,08/31/18 18:44:38,9,HLT_DoubleMu4_PsiPrimeTrk_Displaced_v15,0.002365163,0.001146111
322014:7109,08/31/18 18:52:10,17,HLT_DoubleMu4_PsiPrimeTrk_Displaced_v15,0.007087789,0.006669868
322022:7110,08/31/18 21:02:55,1749,HLT_DoubleMu4_PsiPrimeTrk_Displaced_v15,0.469842949,0.452968644
322040:7112,09/01/18 11:09:06,39,HLT_DoubleMu4_PsiPrimeTrk_Displaced_v15,0.014437023,0.013692424
322057:7114,09/01/18 20:28:32,21,HLT_DoubleMu4_PsiPrimeTrk_Displaced_v15,0.008912977,0.008235478
322068:7117,09/02/18 02:40:56,674,HLT_DoubleMu4_PsiPrimeTrk_Displaced_v15,0.243731161,0.232599447
322079:7118,09/02/18 11:24:26,360,HLT_DoubleMu4_PsiPrimeTrk_Displaced_v15,0.146804255,0.140244760
322106:7120,09/02/18 21:40:43,824,HLT_DoubleMu4_PsiPrimeTrk_Displaced_v15,0.292892361,0.281859052
322113:7122,09/03/18 06:37:14,108,HLT_DoubleMu4_PsiPrimeTrk_Displaced_v15,0.043431506,0.040789720
322118:7122,09/03/18 07:20:37,861,HLT_DoubleMu4_PsiPrimeTrk_Displaced_v15,0.278951041,0.268228934
322179:7123,09/03/18 16:39:51,1739,HLT_DoubleMu4_PsiPrimeTrk_Displaced_v15,0.487940057,0.469749616
322201:7124,09/04/18 05:55:39,222,HLT_DoubleMu4_PsiPrimeTrk_Displaced_v15,0.090596326,0.084335391
322204:7124,09/04/18 07:24:58,1136,HLT_DoubleMu4_PsiPrimeTrk_Displaced_v15,0.325525462,0.311166308
322222:7124,09/04/18 14:53:45,526,HLT_DoubleMu4_PsiPrimeTrk_Displaced_v15,0.096306016,0.092744223
322252:7125,09/04/18 20:29:20,1545,HLT_DoubleMu4_PsiPrimeTrk_Displaced_v15,0.439089321,0.420357700
322317:7127,09/05/18 12:01:44,54,HLT_DoubleMu4_PsiPrimeTrk_Displaced_v15,0.020269615,0.019245910
322319:7127,09/05/18 12:25:29,161,HLT_DoubleMu4_PsiPrimeTrk_Displaced_v15,0.063767846,0.055502234
322322:7127,09/05/18 13:29:27,1107,HLT_DoubleMu4_PsiPrimeTrk_Displaced_v15,0.303551393,0.292464047
322324:7127,09/05/18 21:27:53,416,HLT_DoubleMu4_PsiPrimeTrk_Displaced_v15,0.071323290,0.069259748
322332:7128,09/06/18 02:11:56,1019,HLT_DoubleMu4_PsiPrimeTrk_Displaced_v15,0.326773150,0.313995681
322348:7131,09/06/18 13:43:39,1466,HLT_DoubleMu4_PsiPrimeTrk_Displaced_v15,0.430051125,0.414112209
322355:7132,09/07/18 01:05:42,99,HLT_DoubleMu4_PsiPrimeTrk_Displaced_v15,0.036048974,0.033876145
322356:7132,09/07/18 01:45:19,779,HLT_DoubleMu4_PsiPrimeTrk_Displaced_v15,0.242598280,0.234583361
322381:7133,09/07/18 11:10:32,533,HLT_DoubleMu4_PsiPrimeTrk_Displaced_v15,0.186111260,0.178729681
322407:7135,09/07/18 17:47:22,537,HLT_DoubleMu4_PsiPrimeTrk_Displaced_v15,0.178564202,0.169958460
322430:7137,09/08/18 01:19:19,739,HLT_DoubleMu4_PsiPrimeTrk_Displaced_v15,0.244775592,0.235401386
322431:7137,09/08/18 06:12:25,1161,HLT_DoubleMu4_PsiPrimeTrk_Displaced_v15,0.235683783,0.227638504
322480:7139,09/08/18 17:33:13,341,HLT_DoubleMu4_PsiPrimeTrk_Displaced_v15,0.117973101,0.109337400
322492:7139,09/08/18 20:56:03,1386,HLT_DoubleMu4_PsiPrimeTrk_Displaced_v15,0.297741084,0.287515085
322510:7142,09/09/18 08:32:39,9,HLT_DoubleMu4_PsiPrimeTrk_Displaced_v15,0.002497753,0.002228890
322599:7144,09/09/18 15:58:47,252,HLT_DoubleMu4_PsiPrimeTrk_Displaced_v15,0.100548692,0.094350581
322602:7144,09/09/18 17:40:01,69,HLT_DoubleMu4_PsiPrimeTrk_Displaced_v15,0.025794356,0.024109024
322603:7144,09/09/18 18:08:09,10,HLT_DoubleMu4_PsiPrimeTrk_Displaced_v15,0.003641608,0.002693892
322605:7144,09/09/18 18:13:23,280,HLT_DoubleMu4_PsiPrimeTrk_Displaced_v15,0.093444700,0.089623887
322617:7144,09/09/18 21:12:33,601,HLT_DoubleMu4_PsiPrimeTrk_Displaced_v15,0.141694463,0.136645564
322625:7145,09/10/18 03:32:10,1120,HLT_DoubleMu4_PsiPrimeTrk_Displaced_v15,0.347816656,0.335273291
322633:7145,09/10/18 10:51:34,249,HLT_DoubleMu4_PsiPrimeTrk_Displaced_v15,0.052624689,0.050945617
323414:7213,09/24/18 01:51:16,40,HLT_DoubleMu4_PsiPrimeTrk_Displaced_v15,0.006922388,0.006204142
323423:7213,09/24/18 05:01:48,136,HLT_DoubleMu4_PsiPrimeTrk_Displaced_v15,0.022299813,0.021037074
323470:7217,09/24/18 13:47:51,221,HLT_DoubleMu4_PsiPrimeTrk_Displaced_v15,0.084338654,0.080200218
323471:7217,09/24/18 15:18:19,232,HLT_DoubleMu4_PsiPrimeTrk_Displaced_v15,0.080490089,0.075495647
323472:7217,09/24/18 16:50:41,64,HLT_DoubleMu4_PsiPrimeTrk_Displaced_v15,0.020335972,0.019315198
323473:7217,09/24/18 17:40:41,227,HLT_DoubleMu4_PsiPrimeTrk_Displaced_v15,0.063902526,0.054519627
323474:7217,09/24/18 19:42:20,352,HLT_DoubleMu4_PsiPrimeTrk_Displaced_v15,0.080373578,0.077807771
323475:7217,09/24/18 22:00:42,77,HLT_DoubleMu4_PsiPrimeTrk_Displaced_v15,0.014812315,0.014194080
323487:7218,09/25/18 03:28:20,451,HLT_DoubleMu4_PsiPrimeTrk_Displaced_v15,0.161053632,0.154166173
323488:7218,09/25/18 06:30:08,745,HLT_DoubleMu4_PsiPrimeTrk_Displaced_v15,0.193196247,0.186197456
323492:7218,09/25/18 11:45:43,30,HLT_DoubleMu4_PsiPrimeTrk_Displaced_v15,0.006473907,0.005823197
323493:7218,09/25/18 11:58:37,140,HLT_DoubleMu4_PsiPrimeTrk_Displaced_v15,0.028298225,0.027375069
323495:7218,09/25/18 12:54:31,187,HLT_DoubleMu4_PsiPrimeTrk_Displaced_v15,0.033597040,0.032346526
323524:7221,09/25/18 22:36:20,531,HLT_DoubleMu4_PsiPrimeTrk_Displaced_v15,0.179811734,0.172934401
323525:7221,09/26/18 02:05:25,1117,HLT_DoubleMu4_PsiPrimeTrk_Displaced_v15,0.251759819,0.242648282
323526:7221,09/26/18 09:22:43,462,HLT_DoubleMu4_PsiPrimeTrk_Displaced_v15,0.066501059,0.064950697
323693:7234,09/29/18 01:47:30,114,HLT_DoubleMu4_PsiPrimeTrk_Displaced_v15,0.042896577,0.040083352
323696:7234,09/29/18 02:33:10,257,HLT_DoubleMu4_PsiPrimeTrk_Displaced_v15,0.093142024,0.088847729
323702:7234,09/29/18 08:56:34,808,HLT_DoubleMu4_PsiPrimeTrk_Displaced_v15,0.150177767,0.145958433
323725:7236,09/29/18 18:38:39,329,HLT_DoubleMu4_PsiPrimeTrk_Displaced_v15,0.125225614,0.118533090
323726:7236,09/29/18 20:49:58,53,HLT_DoubleMu4_PsiPrimeTrk_Displaced_v15,0.018453247,0.014606471
323727:7236,09/29/18 21:13:04,971,HLT_DoubleMu4_PsiPrimeTrk_Displaced_v15,0.255954811,0.246903637
323755:7239,09/30/18 11:17:44,929,HLT_DoubleMu4_PsiPrimeTrk_Displaced_v15,0.308086666,0.296639246
323775:7240,09/30/18 19:49:18,129,HLT_DoubleMu4_PsiPrimeTrk_Displaced_v15,0.049072549,0.046767743
323778:7240,09/30/18 20:41:26,934,HLT_DoubleMu4_PsiPrimeTrk_Displaced_v15,0.282906951,0.270935867
323790:7242,10/01/18 07:35:02,900,HLT_DoubleMu4_PsiPrimeTrk_Displaced_v15,0.290147770,0.276737455
323794:7242,10/01/18 13:29:17,68,HLT_DoubleMu4_PsiPrimeTrk_Displaced_v15,0.016768359,0.016056603
323841:7245,10/01/18 23:32:02,464,HLT_DoubleMu4_PsiPrimeTrk_Displaced_v15,0.162744282,0.155038205
323857:7245,10/02/18 02:35:30,357,HLT_DoubleMu4_PsiPrimeTrk_Displaced_v15,0.098889061,0.095513180
323940:7252,10/03/18 01:12:47,1519,HLT_DoubleMu4_PsiPrimeTrk_Displaced_v15,0.447438312,0.426706208
323954:7252,10/03/18 11:06:37,77,HLT_DoubleMu4_PsiPrimeTrk_Displaced_v15,0.015712808,0.015140930
323976:7253,10/03/18 14:01:34,47,HLT_DoubleMu4_PsiPrimeTrk_Displaced_v15,0.016963070,0.014398816
323978:7253,10/03/18 14:23:01,68,HLT_DoubleMu4_PsiPrimeTrk_Displaced_v15,0.027109874,0.021951778
323980:7253,10/03/18 14:51:36,199,HLT_DoubleMu4_PsiPrimeTrk_Displaced_v15,0.072957343,0.067731897
323983:7253,10/03/18 16:11:58,187,HLT_DoubleMu4_PsiPrimeTrk_Displaced_v15,0.060631629,0.056791397
323997:7253,10/03/18 17:30:39,498,HLT_DoubleMu4_PsiPrimeTrk_Displaced_v15,0.134603845,0.128791789
324021:7256,10/04/18 01:48:39,772,HLT_DoubleMu4_PsiPrimeTrk_Displaced_v15,0.268050447,0.252485124
324022:7256,10/04/18 06:50:15,554,HLT_DoubleMu4_PsiPrimeTrk_Displaced_v15,0.131866343,0.127785561
324077:7259,10/04/18 22:20:56,699,HLT_DoubleMu4_PsiPrimeTrk_Displaced_v15,0.252291564,0.242582801
324201:7264,10/06/18 23:58:19,1355,HLT_DoubleMu4_PsiPrimeTrk_Displaced_v15,0.377752030,0.362857357
324202:7264,10/07/18 08:48:52,238,HLT_DoubleMu4_PsiPrimeTrk_Displaced_v15,0.040100971,0.039241165
324205:7264,10/07/18 10:31:04,160,HLT_DoubleMu4_PsiPrimeTrk_Displaced_v15,0.023677708,0.022963460
324206:7264,10/07/18 11:38:14,141,HLT_DoubleMu4_PsiPrimeTrk_Displaced_v15,0.019090130,0.017522834
324207:7264,10/07/18 12:44:24,33,HLT_DoubleMu4_PsiPrimeTrk_Displaced_v15,0.004195281,0.004054579
324209:7264,10/07/18 13:02:20,142,HLT_DoubleMu4_PsiPrimeTrk_Displaced_v15,0.016389579,0.016078704
324237:7265,10/07/18 21:29:58,204,HLT_DoubleMu4_PsiPrimeTrk_Displaced_v15,0.078673755,0.074991780
324245:7266,10/08/18 01:31:07,1659,HLT_DoubleMu4_PsiPrimeTrk_Displaced_v15,0.433797729,0.417199145
324293:7270,10/08/18 23:08:14,2302,HLT_DoubleMu4_PsiPrimeTrk_Displaced_v15,0.530791728,0.513035432
324315:7271,10/09/18 16:26:19,202,HLT_DoubleMu4_PsiPrimeTrk_Displaced_v15,0.075285745,0.070436667
324318:7271,10/09/18 17:53:42,332,HLT_DoubleMu4_PsiPrimeTrk_Displaced_v15,0.104566045,0.099840257
324420:7274,10/11/18 00:24:57,625,HLT_DoubleMu4_PsiPrimeTrk_Displaced_v15,0.209585307,0.199727029
324729:7308,10/16/18 09:28:04,193,HLT_DoubleMu4_PsiPrimeTrk_Displaced_v15,0.015342787,0.014796593
324747:7309,10/16/18 12:56:26,1073,HLT_DoubleMu4_PsiPrimeTrk_Displaced_v15,0.323120609,0.308246151
324764:7309,10/16/18 19:54:47,147,HLT_DoubleMu4_PsiPrimeTrk_Displaced_v15,0.032038097,0.030065379
324765:7309,10/16/18 20:52:50,478,HLT_DoubleMu4_PsiPrimeTrk_Displaced_v15,0.090476912,0.087679541
324769:7309,10/16/18 23:59:45,328,HLT_DoubleMu4_PsiPrimeTrk_Displaced_v15,0.047990107,0.046770044
324772:7309,10/17/18 02:48:00,165,HLT_DoubleMu4_PsiPrimeTrk_Displaced_v15,0.019188224,0.018782623
324785:7310,10/17/18 06:16:27,583,HLT_DoubleMu4_PsiPrimeTrk_Displaced_v15,0.193611863,0.185797535
324791:7310,10/17/18 10:04:47,1217,HLT_DoubleMu4_PsiPrimeTrk_Displaced_v15,0.252929117,0.245007227
324835:7314,10/17/18 22:30:14,257,HLT_DoubleMu4_PsiPrimeTrk_Displaced_v15,0.095881181,0.085856011
324840:7314,10/18/18 00:41:14,93,HLT_DoubleMu4_PsiPrimeTrk_Displaced_v15,0.031267959,0.027721689
324841:7314,10/18/18 01:18:35,1347,HLT_DoubleMu4_PsiPrimeTrk_Displaced_v15,0.312608874,0.301008029
324846:7314,10/18/18 10:06:07,515,HLT_DoubleMu4_PsiPrimeTrk_Displaced_v15,0.070651043,0.068552956
324878:7315,10/18/18 16:07:07,1734,HLT_DoubleMu4_PsiPrimeTrk_Displaced_v15,0.417945642,0.403016934
324897:7317,10/19/18 06:41:04,141,HLT_DoubleMu4_PsiPrimeTrk_Displaced_v15,0.053284044,0.050228783
324970:7320,10/19/18 15:42:39,2183,HLT_DoubleMu4_PsiPrimeTrk_Displaced_v15,0.497971963,0.479465581
324980:7321,10/20/18 08:16:24,2263,HLT_DoubleMu4_PsiPrimeTrk_Displaced_v15,0.535219638,0.513294960
324997:7324,10/21/18 04:34:58,116,HLT_DoubleMu4_PsiPrimeTrk_Displaced_v15,0.042896800,0.038586760
324998:7324,10/21/18 05:23:14,362,HLT_DoubleMu4_PsiPrimeTrk_Displaced_v15,0.121488217,0.114235368
324999:7324,10/21/18 07:47:04,14,HLT_DoubleMu4_PsiPrimeTrk_Displaced_v15,0.004195108,0.003883479
325000:7324,10/21/18 08:03:55,371,HLT_DoubleMu4_PsiPrimeTrk_Displaced_v15,0.098210765,0.094663582
325001:7324,10/21/18 10:29:40,592,HLT_DoubleMu4_PsiPrimeTrk_Displaced_v15,0.123406774,0.119138042
325022:7328,10/21/18 21:10:37,1550,HLT_DoubleMu4_PsiPrimeTrk_Displaced_v15,0.447816048,0.433385704
325057:7331,10/22/18 14:07:34,342,HLT_DoubleMu4_PsiPrimeTrk_Displaced_v15,0.126567801,0.120048335
325097:7333,10/22/18 21:19:15,57,HLT_DoubleMu4_PsiPrimeTrk_Displaced_v15,0.021191792,0.017770097
325098:7333,10/22/18 21:46:04,8,HLT_DoubleMu4_PsiPrimeTrk_Displaced_v15,0.003173569,0.002038523
325099:7333,10/22/18 21:50:54,388,HLT_DoubleMu4_PsiPrimeTrk_Displaced_v15,0.145871303,0.139170738
325100:7333,10/23/18 00:24:31,254,HLT_DoubleMu4_PsiPrimeTrk_Displaced_v15,0.078922825,0.074467205
325101:7333,10/23/18 02:07:46,482,HLT_DoubleMu4_PsiPrimeTrk_Displaced_v15,0.122751088,0.118270296
325110:7333,10/23/18 05:48:34,16,HLT_DoubleMu4_PsiPrimeTrk_Displaced_v15,0.003395546,0.003259474
325117:7333,10/23/18 07:39:08,531,HLT_DoubleMu4_PsiPrimeTrk_Displaced_v15,0.087981464,0.085216684
325159:7334,10/23/18 14:38:00,213,HLT_DoubleMu4_PsiPrimeTrk_Displaced_v15,0.067007092,0.061439969
325168:7334,10/23/18 16:09:33,18,HLT_DoubleMu4_PsiPrimeTrk_Displaced_v15,0.005526891,0.004288854
325169:7334,10/23/18 16:19:28,23,HLT_DoubleMu4_PsiPrimeTrk_Displaced_v15,0.006960291,0.005577620
325170:7334,10/23/18 16:31:17,1203,HLT_DoubleMu4_PsiPrimeTrk_Displaced_v15,0.272475703,0.263142487
325172:7334,10/24/18 00:23:24,472,HLT_DoubleMu4_PsiPrimeTrk_Displaced_v15,0.069745130,0.067635724
#Summary:
#hltpath,nfill,nrun,ncms,totdelivered(/fb),totrecorded(/fb)
#HLT_DoubleMu4_PsiPrimeTrk_Displaced_v14,32,76,35981,9.246737356,8.950818835
#HLT_DoubleMu4_PsiPrimeTrk_Displaced_v15,164,402,198129,52.965171486,50.877060670
#
#Sum delivered  : 62.211908842
#Sum recorded : 59.827879506
#Check JSON:
#(run,ls) in json but not in results: [(325172, 477), (325172, 478), (325172, 479), (325172, 480), (325172, 481), (325172, 482), (325172, 483), (325172, 484), (325172, 485)]
